Index,Time,SmoothedData
0,0.0000,67.82
1,0.0100,69.25
2,0.0200,70.85
3,0.0300,72.14
4,0.0400,73.80
5,0.0500,75.00
6,0.0600,76.00
7,0.0700,76.94
8,0.0800,78.21
9,0.0900,79.35
10,0.1000,80.43
11,0.1100,82.95
12,0.1200,85.43
13,0.1300,87.52
14,0.1400,89.14
15,0.1500,90.67
16,0.1600,92.05
17,0.1700,93.00
18,0.1800,93.90
19,0.1900,94.62
20,0.2000,94.95
21,0.2100,95.00
22,0.2200,95.14
23,0.2300,94.81
24,0.2400,94.29
25,0.2500,93.10
26,0.2600,91.95
27,0.2700,90.76
28,0.2800,89.19
29,0.2900,87.05
30,0.3000,85.05
31,0.3100,82.86
32,0.3200,80.38
33,0.3300,77.86
34,0.3400,75.24
35,0.3500,72.05
36,0.3600,68.95
37,0.3700,65.90
38,0.3800,62.52
39,0.3900,59.05
40,0.4000,55.38
41,0.4100,51.90
42,0.4200,48.24
43,0.4300,44.43
44,0.4400,40.81
45,0.4500,37.52
46,0.4600,34.24
47,0.4700,31.38
48,0.4800,28.48
49,0.4900,25.71
50,0.5000,22.86
51,0.5100,19.86
52,0.5200,16.95
53,0.5300,14.57
54,0.5400,12.33
55,0.5500,10.10
56,0.5600,8.67
57,0.5700,7.24
58,0.5800,6.05
59,0.5900,5.14
60,0.6000,4.67
61,0.6100,4.33
62,0.6200,4.00
63,0.6300,4.33
64,0.6400,4.90
65,0.6500,5.33
66,0.6600,5.86
67,0.6700,7.00
68,0.6800,8.10
69,0.6900,9.43
70,0.7000,11.05
71,0.7100,13.43
72,0.7200,15.86
73,0.7300,18.33
74,0.7400,21.10
75,0.7500,23.71
76,0.7600,26.52
77,0.7700,29.43
78,0.7800,32.81
79,0.7900,35.67
80,0.8000,39.24
81,0.8100,42.57
82,0.8200,45.67
83,0.8300,49.00
84,0.8400,52.00
85,0.8500,55.38
86,0.8600,59.05
87,0.8700,62.33
88,0.8800,65.43
89,0.8900,68.67
90,0.9000,71.67
91,0.9100,74.57
92,0.9200,76.95
93,0.9300,79.33
94,0.9400,81.95
95,0.9500,84.14
96,0.9600,85.95
97,0.9700,87.81
98,0.9800,89.24
99,0.9900,90.62
100,1.0000,91.81
101,1.0100,92.57
102,1.0200,92.95
103,1.0300,93.76
104,1.0400,94.19
105,1.0500,94.14
106,1.0600,93.71
107,1.0700,93.24
108,1.0800,92.38
109,1.0900,91.24
110,1.1000,89.76
111,1.1100,88.43
112,1.1200,86.90
113,1.1300,84.90
114,1.1400,83.05
115,1.1500,80.52
116,1.1600,78.00
117,1.1700,75.62
118,1.1800,73.05
119,1.1900,70.19
120,1.2000,66.95
121,1.2100,63.71
122,1.2200,60.57
123,1.2300,57.57
124,1.2400,53.90
125,1.2500,50.14
126,1.2600,47.10
127,1.2700,43.62
128,1.2800,40.00
129,1.2900,36.86
130,1.3000,34.10
131,1.3100,31.10
132,1.3200,27.95
133,1.3300,25.00
134,1.3400,22.48
135,1.3500,19.57
136,1.3600,17.19
137,1.3700,15.14
138,1.3800,12.86
139,1.3900,11.00
140,1.4000,9.48
141,1.4100,7.90
142,1.4200,7.00
143,1.4300,6.19
144,1.4400,5.33
145,1.4500,5.05
146,1.4600,5.38
147,1.4700,5.43
148,1.4800,5.95
149,1.4900,6.86
150,1.5000,7.71
151,1.5100,8.52
152,1.5200,9.57
153,1.5300,11.05
154,1.5400,12.86
155,1.5500,14.81
156,1.5600,17.00
157,1.5700,19.62
158,1.5800,22.24
159,1.5900,25.10
160,1.6000,28.10
161,1.6100,31.00
162,1.6200,34.33
163,1.6300,37.71
164,1.6400,40.81
165,1.6500,44.14
166,1.6600,47.57
167,1.6700,50.67
168,1.6800,54.05
169,1.6900,57.29
170,1.7000,60.29
171,1.7100,63.43
172,1.7200,66.71
173,1.7300,70.19
174,1.7400,73.24
175,1.7500,75.76
176,1.7600,78.52
177,1.7700,81.43
178,1.7800,83.43
179,1.7900,85.57
180,1.8000,87.43
181,1.8100,89.14
182,1.8200,90.67
183,1.8300,92.05
184,1.8400,92.81
185,1.8500,93.57
186,1.8600,94.33
187,1.8700,94.76
188,1.8800,94.95
189,1.8900,94.43
190,1.9000,94.10
191,1.9100,93.62
192,1.9200,93.05
193,1.9300,91.95
194,1.9400,90.48
195,1.9500,88.76
196,1.9600,87.19
197,1.9700,84.90
198,1.9800,82.52
199,1.9900,80.38
200,2.0000,77.57
201,2.0100,75.05
202,2.0200,72.19
203,2.0300,69.24
204,2.0400,65.90
205,2.0500,62.71
206,2.0600,59.57
207,2.0700,56.33
208,2.0800,52.71
209,2.0900,49.29
210,2.1000,46.14
211,2.1100,42.57
212,2.1200,39.24
213,2.1300,35.71
214,2.1400,32.48
215,2.1500,29.14
216,2.1600,26.19
217,2.1700,23.19
218,2.1800,20.90
219,2.1900,18.19
220,2.2000,15.86
221,2.2100,13.86
222,2.2200,11.62
223,2.2300,9.71
224,2.2400,8.43
225,2.2500,7.14
226,2.2600,6.43
227,2.2700,5.43
228,2.2800,4.62
229,2.2900,4.71
230,2.3000,4.86
231,2.3100,5.00
232,2.3200,5.90
233,2.3300,6.67
234,2.3400,7.71
235,2.3500,9.19
236,2.3600,10.90
237,2.3700,12.52
238,2.3800,14.81
239,2.3900,16.62
240,2.4000,19.38
241,2.4100,21.76
242,2.4200,24.14
243,2.4300,27.05
244,2.4400,30.00
245,2.4500,32.81
246,2.4600,36.00
247,2.4700,39.00
248,2.4800,42.57
249,2.4900,45.90
250,2.5000,49.24
251,2.5100,52.38
252,2.5200,55.95
253,2.5300,58.90
254,2.5400,62.24
255,2.5500,65.62
256,2.5600,68.67
257,2.5700,71.71
258,2.5800,74.62
259,2.5900,77.14
260,2.6000,80.00
261,2.6100,82.14
262,2.6200,84.48
263,2.6300,86.57
264,2.6400,88.62
265,2.6500,90.14
266,2.6600,91.48
267,2.6700,92.86
268,2.6800,93.57
269,2.6900,94.19
270,2.7000,94.95
271,2.7100,95.05
272,2.7200,95.24
273,2.7300,94.76
274,2.7400,94.52
275,2.7500,93.33
276,2.7600,92.00
277,2.7700,90.38
278,2.7800,88.76
279,2.7900,86.95
280,2.8000,85.10
281,2.8100,82.81
282,2.8200,80.38
283,2.8300,77.52
284,2.8400,74.67
285,2.8500,71.76
286,2.8600,68.81
287,2.8700,65.71
288,2.8800,62.48
289,2.8900,59.19
290,2.9000,55.67
291,2.9100,52.14
292,2.9200,48.48
293,2.9300,44.76
294,2.9400,41.24
295,2.9500,37.90
296,2.9600,34.95
297,2.9700,31.86
298,2.9800,28.86
299,2.9900,25.95
300,3.0000,23.24
301,3.0100,20.19
302,3.0200,17.38
303,3.0300,15.19
304,3.0400,13.05
305,3.0500,11.24
306,3.0600,9.24
307,3.0700,7.71
308,3.0800,6.48
309,3.0900,5.33
310,3.1000,4.52
311,3.1100,3.90
312,3.1200,3.38
313,3.1300,3.38
314,3.1400,3.57
315,3.1500,4.19
316,3.1600,4.52
317,3.1700,5.24
318,3.1800,6.67
319,3.1900,8.33
320,3.2000,9.90
321,3.2100,11.86
322,3.2200,14.29
323,3.2300,16.76
324,3.2400,19.00
325,3.2500,22.10
326,3.2600,25.05
327,3.2700,28.38
328,3.2800,31.67
329,3.2900,35.14
330,3.3000,38.33
331,3.3100,41.95
332,3.3200,45.62
333,3.3300,49.24
334,3.3400,52.71
335,3.3500,56.24
336,3.3600,59.81
337,3.3700,63.52
338,3.3800,66.76
339,3.3900,69.57
340,3.4000,72.33
341,3.4100,75.38
342,3.4200,78.14
343,3.4300,80.71
344,3.4400,83.10
345,3.4500,85.29
346,3.4600,87.29
347,3.4700,89.05
348,3.4800,90.67
349,3.4900,92.10
350,3.5000,92.95
351,3.5100,93.95
352,3.5200,94.67
353,3.5300,94.71
354,3.5400,95.05
355,3.5500,94.81
356,3.5600,94.24
357,3.5700,93.52
358,3.5800,92.38
359,3.5900,91.33
360,3.6000,90.29
361,3.6100,88.95
362,3.6200,86.76
363,3.6300,84.71
364,3.6400,82.52
365,3.6500,80.24
366,3.6600,78.00
367,3.6700,75.14
368,3.6800,72.24
369,3.6900,69.05
370,3.7000,66.00
371,3.7100,63.14
372,3.7200,59.76
373,3.7300,56.48
374,3.7400,53.14
375,3.7500,49.33
376,3.7600,46.14
377,3.7700,43.00
378,3.7800,39.67
379,3.7900,36.38
380,3.8000,33.19
381,3.8100,30.24
382,3.8200,27.05
383,3.8300,24.38
384,3.8400,21.95
385,3.8500,19.52
386,3.8600,17.38
387,3.8700,15.00
388,3.8800,12.90
389,3.8900,11.10
390,3.9000,9.81
391,3.9100,8.05
392,3.9200,6.67
393,3.9300,6.05
394,3.9400,5.43
395,3.9500,5.29
396,3.9600,5.67
397,3.9700,5.90
398,3.9800,6.29
399,3.9900,6.81
400,4.0000,7.76
401,4.0100,8.95
402,4.0200,9.90
403,4.0300,11.81
404,4.0400,13.81
405,4.0500,15.67
406,4.0600,17.86
407,4.0700,20.05
408,4.0800,22.86
409,4.0900,25.81
410,4.1000,28.76
411,4.1100,31.52
412,4.1200,34.86
413,4.1300,37.90
414,4.1400,41.29
415,4.1500,44.57
416,4.1600,48.05
417,4.1700,51.33
418,4.1800,54.81
419,4.1900,58.00
420,4.2000,61.62
421,4.2100,65.10
422,4.2200,68.19
423,4.2300,71.52
424,4.2400,74.00
425,4.2500,76.86
426,4.2600,79.48
427,4.2700,81.67
428,4.2800,84.05
429,4.2900,85.95
430,4.3000,87.67
431,4.3100,89.38
432,4.3200,91.10
433,4.3300,92.19
434,4.3400,93.57
435,4.3500,94.10
436,4.3600,94.38
437,4.3700,94.71
438,4.3800,94.76
439,4.3900,94.48
440,4.4000,94.29
441,4.4100,93.43
442,4.4200,92.48
443,4.4300,91.57
444,4.4400,90.05
445,4.4500,88.76
446,4.4600,86.62
447,4.4700,84.29
448,4.4800,82.24
449,4.4900,79.52
450,4.5000,76.90
451,4.5100,74.00
452,4.5200,71.19
453,4.5300,67.90
454,4.5400,64.76
455,4.5500,61.24
456,4.5600,57.95
457,4.5700,54.86
458,4.5800,51.24
459,4.5900,47.48
460,4.6000,44.19
461,4.6100,40.62
462,4.6200,37.33
463,4.6300,34.05
464,4.6400,30.95
465,4.6500,28.05
466,4.6600,24.90
467,4.6700,22.00
468,4.6800,19.67
469,4.6900,16.95
470,4.7000,15.00
471,4.7100,12.95
472,4.7200,11.29
473,4.7300,9.52
474,4.7400,8.19
475,4.7500,7.29
476,4.7600,6.67
477,4.7700,5.81
478,4.7800,5.10
479,4.7900,5.19
480,4.8000,5.48
481,4.8100,5.52
482,4.8200,6.24
483,4.8300,7.00
484,4.8400,7.86
485,4.8500,9.14
486,4.8600,10.57
487,4.8700,12.38
488,4.8800,14.76
489,4.8900,17.05
490,4.9000,18.10
491,4.9100,18.95
492,4.9200,20.00
493,4.9300,21.12
494,4.9400,22.38
495,4.9500,23.60
496,4.9600,24.79
497,4.9700,25.92
498,4.9800,27.75
499,4.9900,29.64
